2,firstimpression
801010,vegan
5555555,wtf
5555555,shittyaskscience
5555555,bangkok
2007scape,pcmasterrace
2old,ps4
3dmodeling,spacex
3dprinting,printrbot
3dprinting,science
40krpg,rpg
49ers,nfl
49ers,adviceanimals
89porn,realgirls
8bitdev,electronics
911truth,fullmoviesonyoutube
abbeybrooks,chickflixxx
abc123qwerty,abcqwerty123
abcqwerty123,circlejerk
abcqwerty123,adviceanimals
abcqwerty123,askreddit
abcqwerty123mods,wowthissubexists
abolish,iama
acceptancespeech,iama
acceptingbtc,bitcoin
accountt1234,karmacourt
achewood,iama
adelaide,nottheonion
adhd,askreddit
adoption,birthparents
adrenaline,iama
adventureracing,spartanrace
adviceanimals,cringepics
adviceanimals,trollychromosome
adviceof,askmen
adviceof,simpleliving
adwords,iama
aflcirclejerk,afl
againstmarijuana,trees
againstmensrights,socialism
againstmensrights,ladymras
againstsocialjustice,mensrights
againstsocialjustice,srswomen
againstsocialjustice,srsgaming
againstsocialjustice,videos
againstsocialjustice,srsmicroaggressions
againstsocialjustice,shitredditsays
againstsocialjustice,subredditdrama
agitation,todayilearned
agitation,economy
agitation,askreddit
agitation,metacanada
agitation,philadelphia
agitation,feminisms
aikido,taoism
ainbow,korea
ak47,gundeals
albany,wtf
albuquerque,iama
aleague,everton
alliteration,sherlock
allthingsterran,starcraft
allthingszerg,starcraft
alpharetta,atlanta
altgonewild,nakedcelebs
amarisuhc,ultrahardcore
amateurphotography,iama
amateurradio,retrobattlestations
amateurradio,hsmm_mesh
amazingprojects,movies
americanpolitics,samplesize
amg,mercedes_benz
amrsucks,frdbroke
amrsucks,feminismformen
amrsucks,femradebates
anarchafeminism,socialism
anarchism,libertarian
anarchism,anarchy101
anarchism,metanarchism
anarchism,badhistory
anarchism,ainbow
anarchism,bitcoin
anarchism,economics
anarcho_capitalism,bitcoin
anarcho_capitalism,adviceanimals
anarcho_capitalism,badhistory
anarcho_capitalism,futurology
anarcho_capitalism,debateacommunist
anarcho_capitalism,vzla
anarcho_capitalism,foodforthought
ancientgreece,ancientgreek
android,chromecast
android,mildlyinfuriating
android,androidthemes
androidbuffet,technology
androidcirclejerk,iphone
androidcirclejerk,nexus5
androidcirclejerk,android
androidcirclejerk,nexus4
androidgaming,playmygame
anexcusetocomplain,freekarma
anexcusetocomplain,askreddit
anexcusetocomplain,adviceanimals
anexcusetocomplain,botwatch
anexcusetocomplain,funny
angelbeats,anime
angryasianmen,videos
animalrights,farming
animation,askreddit
animation,framebyframe
animation,animationclub
animation,animatedshorts
answering,islam
antiatheismwatch,adviceanimals
antiatheismwatch,youtubehaiku
anticat,funny
anticonsumption,fullmoviesongoogle
antimemewatch,lewronggeneration
antipsychiatry,politicaldiscussion
antiradkewatch,corejerk
antonscheller,nosleep
anythinggoesnews,worldnews
apostrophepatrol,pics
apostrophepatrol,funny
appalachiantrail,hiking
apple,jailbreak
aquariums,plantedtank
archerfx,breath_of_the_wild
arduino,diy
arduino,reddcoin
arduino,electricalengineering
argaming,steam
argentina,nba
argentina,gifs
army,military
artdepthhub,history
asablackman,subredditdrama
askandyanthing,bipolarreddit
askgaybros,gaybros
askhistorians,arthistory
askliquidcooling,watercooling
asksciencefiction,harrypotter
askvet,advice
asoiafcirclejerk,badhistory
asoiafcirclejerk,subredditanalysis
asongofmemesandrage,gameofthrones
atheism,austin
atheism,thefacebookdelusion
atheism,daystrominstitute
atheismrebooted,todayilearned
atlanta,smyrna
audioengineering,askscience
auspol,australia
aussie_vapers,electronic_cigarette
austin,formula1
austin,hockey
austin,portland
australia,politics
australia,subredditanalysis
austria,de
autographassistance,baseball
autowikibot,dnd
aww,pitbulls
aww,internetisbeautiful
aww,awww
azcardinals,nfl
azdiamondbacks,reds
azerbaijan,countrychallenge
aznperil,yellowperil
aznperil,asianamerican
babylon5,todayilearned
backpacks,streetwearnews
bad_religion,woahdude
badarthistory,history
badeconomics,basicincome
badeconomics,badphilosophy
badhistory,woahdude
badhistory,news
badhistory,askhistorians
badhistory,askreddit
badhistory,videos
badhistory,unresolvedmysteries
badhistory,politicaldiscussion
badhistory,math
badhistory,subredditanalysis
badlegaladvice,standupshots
badlinguistics,mapporn
badlinguistics,todayilearned
badlinguistics,readlinguistics
badlinguistics,explainlikeimfive
badlinguistics,roosterteeth
badlinguistics,wiiu
badlinguistics,askphilosophy
badlinguistics,socialskills
badlionpvp,civilizationcraft
badliterarystudies,books
badliterature,philosophy
badmtgcombos,edh
badphilosophy,funny
badphilosophy,askphilosophy
badphilosophy,changemyview
badphilosophy,philosophy
badphilosophy,vegan
badphilosophy,debatereligion
badphilosophy,anticonsumption
badphilosophy,trpofftopic
badscience,mildlyinteresting
badsocialscience,adviceanimals
badwomensanatomy,mensrights
badwomensanatomy,virgin
bakachika,lovelive
bakchodi,iama
bakchodi,india
bakchodi,china
bakchodi,subredditanalysis
ballet,dancers
baltimorejobs,sysadminjobs
bangkok,thailand
banned,racism
banpunthreads,gifs
banterbus,wildstar
barstoolsports,medical
baseballcirclejerk,baseball
basoran,askreddit
battlefield,battlefield3
battlefield_4,truegaming
battlefield_4,battlefieldhardline
battlefield_hardline,battlefield
battlefield3,web_design
bayarea,sfbayhousing
bayarea,sanfrancisco
bayarea,sanjose
bbq,food
bbq,futurology
bearsrepeating,iamverysmart
beastieboys,music
beatmatch,vinyl
beekeeping,lifehacks
beercirclejerk,jokes
beercirclejerk,beertrade
beercirclejerk,denver
beetlejuicing,askreddit
beetlejuicing,showerthoughts
belgium,bitcoin
bengalilanguage,bangladesh
bestof,cfb
bestof,sex
bestof,boston
bestof,college
bestof,movies
bestof,trees
bestof,photoshopbattles
bestof,askmen
bestof,michaelskarmafarm
bestof,changemyview
bestof,whowouldwin
bestof,shittykickstarters
bestof,entrepreneur
bestof,shitredditsays
bestof,gtav
bestof,todayilearned
bestof,china
bestof,askscience
bestof,frugal
bestof,origami
bestof,confession
bestof,india
bestof,loseit
bestof,japan
bestof,facepalm
bestof,explainlikeimfive
bestof,conspiracy
bestof,tipofmytongue
bestof,boyscouts
bestof,skateboarding
bestof,hpmor
bestof,unsentletters
bestof,confessions
bestof,basement
bestof,actualconspiracies
bestof,belgium
bestof,holdmybeer
bestof,debunkthis
bestof,faimprovement
bestof,vzla
bestof,exposureporn
bestof,advice
bestof,bodyacceptance
bestof,urbanplanning
bestof,dundermifflin
bestof,yugioh
bestof,reprehensible
bestof,gardening
bestof,asknyc
bestof,lalist
bestof,techsupportgore
bestof,shutupandtakemymoney
bestof,goforgold
bestof,chicoca
bestof,comicwalls
bestof,shittyadvice
bestof,vaporents
bestof,javascript
bestof2013,badhistory
bestof2013,americandad
bestof2013,abstergoindustries
bestof2013,mashups
bestof2013,upvotegifs
bestof2013,highqualitygifs
bestof2013,familyguy
bestof2013,reactiongifs
bestof2013,celebs
bestof2013,electronicmusic
bestof2013,metacanada
bestof2013,redditgetsdrawn
bestofcirclejerk,androidcirclejerk
bestofcivcraft,danzilona
bestoff,askuk
bestofmlas1,mylittleandysonic1
bestofokc,okcupid
bestofreddit,bad_cop_no_donut
bestofreddit,dataisbeautiful
bestofreddit,archeology
bestofrelevantun,adviceanimals
bestofrelevantun,funny
bestofrzen,zen
bestoftldr,funny
bestoftldr,changemyview
beyondthebump,mommit
bicla,videos
bicycling,iama
bicyclingcirclejerk,adviceanimals
bigboobproblems,mildlyinteresting
bigdickproblems,wtf
bih,bosnia
bikecommuting,buyitforlife
biketrials,bicycling
bilderberg,bitcoin
billnyesucks,the_donald
biloxi,neworleans
binary,binaryreview
biology,pics
bioshock,propagandaposters
birdsofprey,iama
bitcoin,opentransactions
bitcoin,netsec
bitcoin,explainlikeimfive
bitcoin,dataisbeautiful
bitcoin,bitcoinbeer
bitcoin,wildstar
bitcoin,hypnosis
bitcoinevangelism,futurology
bitcoinmining,bitcoin
bitofnewsbot,worldpolitics
bjj,cringe
blackhat,netsec
blackpower,offmychest
blender,spacex
bodybuilding,pics
bodybuilding,weightroom
bodybuilding,atheism
bodyweightfitness,climbing
boise,todayilearned
bokononism,tipofmytongue
bombing,graffiti
books,askreddit
books,wot
books,peloton
boottoobig,worldnews
boston,pcmasterrace
boston,medfordmass
boston,pets
boston,twoxchromosomes
botsscrewingup,wtf
bourbon,iama
boxing,funny
brasilonreddit,gifsofremoval
bravenewbies,evedreddit
brazil,saopaulo
breakingbad,iama
breakingmom,offmychest
breakup,adviceanimals
breastfeeding,mommit
brentford,soccer
brisbane,panorama
brooklyn,todayilearned
broward,fortlauderdale
brum,pics
buccaneers,soccer
buddhism,meditation
buddhism,todayilearned
buddhism,askhistorians
buffalobills,buffalo
buffy,askreddit
bugs,cockatiel
bugs,popping
buildapc,pcmasterrace
buildapc,buildmeapc
buildingblocks,lego
bulgaria,europeanculture
bulimia,todayilearned
burlington,blog
burningman,worldnews
buttcoin,amiwrong
cahideas,cardsagainsthumanity
cajmods,vapeporn
calbarexam,cabarexam
calgaryflames,hockey
calledit,blowit
callofcthulhu,rpg
camels,forhire
campandhikemichigan,campingandhiking
campingandhiking,backpacking
canada,moncton
canadasoccer,mls
canadia,casualiama
cancer,science
canceradvances,science
candymancan,undelete
cannabisbreeding,microgrowery
canoeing,iama
capology,nba
carcrash,pics
cardinals,kcroyals
cars,conspiracy
cars,iama
cars,jeep
catholicbookclub,catholicism
catholicism,explainlikeimfive
catholicism,askphilosophy
cats,catpictures
ccgstudies,twitchplayspokemon
cellular_automata,python
centos,linuxquestions
centralvalley,modesto
cern,explainlikeimfive
ceruleanregiment,nofap
cfs,fibromyalgia
charlotte,ncbeer
chastity,chastitytraining
chatham,pittsburgh
chengdu,shanghai
chesapeake,hamptonroads
chibears,photoshopbattles
chicagonwside,chicago
childfree,adviceanimals
childfree,talesfromretail
childfree,relationships
chiliadmystery,videos
china,entrepreneur
china,korea
chinabookclub,shanghai
chinese,shanghai
chineselanguage,shanghai
christianapologetics,christianity
christianity,nerdcubed
chrome,apple
chromeos,apple
cigarettes,ama
cimmeria,respectthreads
cincinnati,sysadminjobs
cincinnatijobs,sysadminjobs
cinemagraphs,houseofcards
cinemasians,videos
cinematography,filmmakers
cinnamonde,linuxactionshow
circlebroke,iama
circlebroke2,funny
circlebroke2,videos
circlebroke2,australia
circlebroke2,technology
circlebroke2,nostupidquestions
circlebroke2,samharris
circlebrokediscussion,subredditanalysis
circlejerk,christianity
circlejerk,news
circlejerk,askreddit
circlejerkaustralia,australia
circlejerkaustralia,subredditanalysis
circlejerkpdx,pdxchange
cisco,ccna
citn,magictcg
cityporn,pics
civchurchill,littlelatvia
civcirclejerk,civ
civcommonwealth,civcraft
civcraft,civpvp
civcraft,civcraftexchange
civcraft,luvsjak
civcraft,mtaugusta
civcringe,civcraft
civhaven,civcraft
classics,ancientgreek
climateskeptics,books
clintonville,adamsmaynard
clopclop,anthroclop
club_nintendo,wiiu
club_nintendo,nintendo
clubesteban,videos
cmu,pittsburgh
cmwgaming,dayz
cocktails,bartenders
coding,askcomputerscience
codzombies,destinythegame
coins,mildlyinteresting
collapse,geopolitics
collegebaseball,longhornnation
colorblind,wtf
colorblind,sports
columbus,adamsmaynard
comicbooks,dccomics
comicbooks,subredditanalysis
comiccon,phoenix
commaconspiracy,pics
commenttales,learnuselesstalents
commenttales,smashbros
community,geek
companyofheroes,games
completeanarchy,forwardsfromgrandma
computersecurity,security
computertechs,youshouldknow
connectedcareers,fryemadden
connectedcareers,netsec
connectedcareers,madden
connecticut,cars
conservative,libertarian
conservative,jokes
conservatives,jobs
consolerepair,gamecollecting
conspiracy,bitcoin
conspiracy,netsec
conspiracy,politicaldiscussion
conspiracy,china
conspiratard,todayilearned
conspiratard,politics
conspiratard,chicago
conspiratard,wtf
conspiratard,technology
conspiratard,nolibswatch
conspiratard,iama
conspiratard,oldschoolcool
conspiratard,health
conspiratard,shitrconservativesays
conspiratard,showerthoughts
conspiratard,europe
conspiratard,unresolvedmysteries
conspiratard,economics
continuityrireland,running
cooking,food
cordcutters,lifeprotips
cordcutters,askreddit
corpus,nottheonion
cosuard,denton
coys,iama
crappydesign,dogecoin
credibledefense,iama
creepy,tifu
creepygaming,tf2
cringe,conspiracy
cringe,dota2
cringe,cringevids
cringe,twoxchromosomes
cringeanalysis,cringepics
cringepics,teenagers
cringepics,pics
cringevids,videos
croatia,mapporn
crossdressing,askhistorians
crusaderkings,soccer
crusaderkings,todayilearned
crypto,privacy
cryptocurrency,bitcoin
cryptocurrency,newquarkbar
cryptotown,gotcrypto
csharp,trackmania
css,html
ctfxc,videos
cuckoldstories,cuckold
cumberbitches,pics
cumberbitches,awwducational
curecoin,bitcoin
cyberlaws,sextoys
cyberpunk,iama
cyberpunk,asknetsec
d_language,programming
daddit,self
daewoo,gunsforsale
dallas,atheism
dallas,e_cigarette
damnation,minecraft
damngoodinterracial,tipofmypenis
dan,iama
dance,dancers
dancingwiththestars,thebachelor
danmag,mapporn
danmag,pics
danmag,imaginarymaps
dannythreads,uscontenders
danzilona,civcraft
danzilona,unitedprovinces
danzilona,yesno
darkfuturology,futurology
darknetplan,amateurradio
dartmoor,earthporn
datahoarder,sysadmin
dawnofwar,dawnofwariii
daytongeeks,dayton
dayz,globaloffensive
dayz,redditrescueforce
dayz,dayzorigins
dayzmod,dayzorigins
dccomics,askreddit
dccomics,whowouldwin
deathstroke,comicbooks
decidingtobebetter,getmotivated
decidingtobebetter,entrepreneur
deep_ecology,funny
defaultgems,movies
defaultgems,gaming
defaultgems,worldnews
defaultgems,iama
defaultgems,todayilearned
defaultgems,adviceanimals
defaultgems,aww
defaultgems,explainlikeimfive
defaultgems,tifu
defaultgems,travel
demisexuality,askwomen
denver,iama
denverlist,coents
denvernuggets,nba
depthhub,pics
depthhub,letstalkmusic
depthhub,truereddit
depthhub,hockey
depthhub,askhistorians
depthhub,stopgaming
depthhub,cincinnati
depthhub,grammar
depthhub,bannedfromthe_donald
derekbest,explainlikeimfive
design,pics
designmyroom,interiordesign
desmoines,iowa
devils,losangeleskings
dfwgaybros,gaybros
diabetes,machinelearning
diablo,cssstyle
digitalhistory,arthistory
dignitaslol,leagueoflegends
dirtnglitter,bravenewbies
divorce,custody
divorce,bpdsoffa
djent,progrockmusic
djscirclejerk,djsetups
dmt,glitch_in_the_matrix
dmt,drugs
dnbproduction,dnb
doctorwho,gaming
doctorwho,internetama
doctorwhumour,internetama
dodgers,buccos
doge,programming
dogecoin,freedoge
dogecoin,pics
dogecoin,dogestarter
dogecoin,howto
dogecoin,funny
dogecoin,adviceanimals
dogecoin,tarots
dogecoin,politicaldiscussion
dogecoin,firstworldanarchists
dogecoin,oppression
dogecoin,nosleep
dogecoin,gifs
dogecoin,multidoge
dogecoin,v8superdoge
dogecoin,unitedkingdom
dogecoin,dogeeconomists
dogecoin,dogecoinsurvivalguide
dogecoindev,dogemarket
dogecoinfundation,dogecoin
dogecoinv2,subredditdrama
dogecoinv2,dogecoin
dogemining,dogecoindefenseforce
dogenews,dogecoindev
dogs,advanceddogtraining
dogs,drugs
dolphsquad,xboxone
dominican,miami
dota2,iama
dota2,dotamasterrace
dota2india,dota2
dota2loungebets,dota2
dotamasterrace,kappa
downvotesmcgoats,fabulousferds
drakelings,projectreality
drama,nolibswatch
drama,pics
drama,videos
drama,adviceanimals
drama,twoxchromosomes
drama,changemyview
drama,tumblrinaction
drkcoin,bitcoin
drkcoin,bitcoinmarkets
drkcoinmining,drkcoin
drugmemes,gaming
drugs,trees
drugs,protectandserve
drugs,bitcoin
drugs,askdrugs
drugscirclejerk,drugs
drugscirclejerk,wtf
druidism,religion
dubai,truereddit
dumbanddumber,companion
duncantrussell,myriadcoin
dundermifflin,television
dundermifflin,nfl
dungeonsanddragons,battlestations
duquesne,pittsburgh
dustforce,smashbros
dutchposer,wtf
dutchposer,askreddit
dwarffortress,explainlikeimfive
dynastywarriors,games
e_cigarette,ecigclassifieds
e_cigarette,vapeitforward
eagles,nfffffffluuuuuuuuuuuu
earthdisaster,todayilearned
earthporn,facepalm
eddsquadron,starcitizen
editors,freelance
editors,orphanblack
editors,buildmeapc
edmprodcirclejerk,edmproduction
edmprodcirclejerk,aphextwin
edmprodcirclejerk,trap
edmprodcirclejerk,videos
edmproduction,trap
edmproduction,abletonlive
educationreform,todayilearned
edwingustovsyndrome,wtf
efreebies,beermoney
efukt,efuktsounds
egypt,iama
electricalengineering,engineering
electricdaisycarnival,freebies
electricdaisycarnival,vegas
electricians,techsupportgore
electrobot,electricdaisycarnival
electronic_cigarette,rba
electronic_cigarette,ecrpoker
electronic_cigarette,lifeprotips
electronicmusic,prettylights
electronicmusic,trap
elitedangerous,starcitizen
elitistwatch,metalcore
elmonorojo,talesfromthesquadcar
emergencymedicine,samplesize
eminem,aww
emulation,gaming_geek
endlesswar,iama
energy,naturalgas
engineering,automotive
engineeringstudents,comics
engineeringstudents,engineering
enoughbasicincomespam,news
enoughbasicincomespam,bestof
enoughbasicincomespam,politics
enoughbasicincomespam,crazyideas
enoughbasicincomespam,foodforthought
enoughlibertarianspam,explainlikeimfive
enoughlibertarianspam,changemyview
enoughlibertarianspam,politicaldiscussion
enoughlibertarianspam,progun
enoughlibertarianspam,offmychest
enoughlibertarianspam,conservative
enoughlibertarianspam,feedthebeast
enoughlibertarianspam,cringepics
enoughlibertarianspam,gifs
enoughlibertarianspam,futurology
enoughlibertarianspam,crappydesign
enoughtrumpspam,le_pawn
episodehub,orphanblack
eprime,psychonaut
epu,nottheonion
eset,youshouldknow
esoccult,teslore
esoredditguild,elderscrollsonline
esperanto,esperante
esperanto,languagelearning
europe,travel
europe,askreddit
evangelion,wtf
eve,dirtnglitter
evenwithcontext,ireland
evenwithcontext,funny
evenwithcontext,bad_cop_no_donut
evenwithcontext,sex
evenwithcontext,talesfromretail
evenwithcontext,futurama
everythingscience,biosphere2
ex_treehousers,tagpro
examplesofevil,nottheonion
examplesofgood,videos
excgaration,todayilearned
exjw,atheism
exjw,funny
exjw,standupshots
exmormon,jokes
exmormon,news
exmormon,sex
exmuslim,india
explainlikeimscp,explainlikeiama
explainmydownvotes,macroporn
explainwithahoedown,explainlikeiama
exredpill,thebluepill
facepalm,electronics
failediamas,iama
falconsocialclub,iama
fallout,adventuretime
falloutequestria,mylittlepony
fargo,iama
farright,crazyideas
fashion,iama
fatpeoplestories,todayilearned
feedthebeast,testpackpleaseignore
feedthebeast,buildapc
femalefashion,iama
feminineboys,genderqueer
feminism,socialism
femmethoughts,twoxchromosomes
femradebates,tumblrinaction
ffxi,ps2
ffxivglamours,ffxiv
fijian,pics
filmmakers,videography
finalfantasy,finalfantasyxii
findapath,arthistory
firstworldanarchists,streetart
firstworldanarchists,watch_dogs
firstworldanarchists,gaming
fitmeals,xxfitness
fitnesscirclejerk,iama
fitnesscirclejerk,malefashionadvice
fitnesscirclejerk,funny
fitnesscirclejerk,aww
fitnesscirclejerk,sysadmin
fitnesscirclejerk,ladybonersgw
fitnesscirclejerk,cfb
fitnesscirclejerk,handwriting
fitnesscirclejerk,kitchenconfidential
fitnesscirclejerk,minimalism
fitnesscirclejerk,hiphopheads
fitnesscirclejerk,hockey
fitnesscirclejerk,wheredidthesodago
fitnesscirclejerk,shittyaskfitness
fitnesscirclejerk,freebies
fitnesscirclejerk,gaybrosgonewild
fixxit,bikebuilders
floathouse,seasteading
floridagators,bestof
flyfishing,pensacola
folkpunk,listentothis
formula1,wec
fpapip,videos
fragility,the_donald
france,politique
france,askfrance
frc,gifs
freaksandgeeks,iama
freeebooks,keto
freekarma,videos
freekarma4you,videos
freelance,wordpress
freelancer,games
frontpage,dankmemes
frozen,adviceanimals
frozen,frozenfanfics
frozen,annamasterrace
frozen,weseltonsguard
frozen,lipbite
frugal,twoxchromosomes
frugal_jerk,shittyadvice
frugallearning,biology
frugalmalefashion,malefashionadvice
fryemadden,connectedgamenights
fsae,formula1
fuckharley,motorcycles
fuckharley,fortworth
fullsail,orlando
fulltvshowsongoogle,fullmoviesongoogle
fulltvshowsongoogle,fulltvshowsonvimeo
funny,askreddit
funny,pics
funny,shittyaskhistory
funny,learnuselesstalents
funny,bikesgonewild
funnyreddit,wtf
funnyreddit,askreddit
funnyreddit,lifeprotips
funnyreddit,dundermifflin
funnysupernatural,photoshopbattles
futebol,soccer
futurology,space
futurology,talesfromtechsupport
gaeltacht,gaidhlig
galaxys8,tasker
gameaudio,wearethemusicmakers
gamecollectors,retrogameswap
gamedesign,paradoxplaza
gameofthrones,todayilearned
games,iama
games,gaming
games,esports
games,skyrimmods
games,wildstar
games,oculus
games,arma
games,defiance
gamesale,gameswap
gaming,dota2
gaming,battlefield
gaming,survivetheforest
gaming,saintsrow
gaming,arma
gaming,transmogrification
gaming,blackops2
gaming,halo
gaming,raspberry_pi
gaming,callofdutyworldwartwo
gamingunderground,armaunderground
gardening,whatsthisplant
gats,globaloffensive
gaybros,casualiama
gaybroscirclejerk,blackpeoplegifs
gayforoberyn,gameofthrones
gayforoberyn,oberynlives
gaymers,wow
gaysian,gaybros
geek,askreddit
geocaching,summerscavengerhunt
geography,history
german,linguistics
germany,frankfurt
germany,gnu
getmotivated,mildlyinteresting
ggggg,penmanshipporn
girlgamers,globaloffensive
girlgamers,h1z1
girlgamers,dawngate
girlskissing,nakedcelebs
glitch_art,subredditanalysis
globalhealth,samplesize
globalhealth,twoxchromosomes
globaloffensive,techsupport
gmomyths,environment
gmomyths,conspiracy
gmomyths,libertarian
gnv,netrunner
godwinslaw,pics
godwinslaw,conspiracy
godwinslaw,forwardsfromgrandma
godzilla,fullmoviesonvimeo
goldredditsays,adviceanimals
goldredditsays,science
goldredditsays,malefashionadvice
goldredditsays,historyporn
goldredditsays,explainlikeimfive
golf,askreddit
gooddoge,dogecoin
goodposts_aboutvoting,electionfraud
goodshillhunting,politics
google,apple
grandrapids,usa
grandtheftautov,gtacontent
greasy,photoshopbattles
greatadvice,relationship_advice
greatadvice,advice
greenbaypackers,nfl
gridcoin,bitcoin
grilling,food
gsec,netsec
gta5,gtav
guangzhou,shanghai
guildwars2,wildstar
guildwarsdyejob,guildwars2
gunpolitics,changemyview
gunsarecool,saltlakecity
guyswhogetit,gameofthrones
gvsu,usa
gypsy_stories,explainlikeimfive
habs,worldnews
hackerspaces,geek
halt,netsec
hamratest,askreddit
hannibaltv,askreddit
harrypotter,tumblr
hawks,losangeleskings
healthdisaster,health
hearthstone,askreddit
hearthstone,competitivehs
hebrew,bobsburgers
heidelberg,frankfurt
herpaderpacraft,mindcrack
hessen,gnu
hey_look_at_me,pics
highereducation,askacademia
highheels,funny
highvalyrian,asoiaf
hijackers,philosophy
hinduism,science
hiphopcirclejerk,lewronggeneration
hiphopcirclejerk,streetwear
hiphopcirclejerk,magictcg
hiphopcirclejerk,leagueoflegends
history,askhistorians
historynetwork,dataisbeautiful
historynetwork,askreddit
historynetwork,iama
historynetwork,askhistorians
hivemind,wtf
hockey,oddlysatisfying
hockey,photoshopbattles
hockey,coyotes
homebrewing,dogecoin
homelab,datahoarder
homestuck,funny
homestuck,pics
horriblydepressing,videos
horriblydepressing,fifthworldproblems
hotpeppers,iama
houstonguns,houston
howardstern,adviceanimals
howtocat,aww
html5games,html5
httyd,oculus
humorousreviews,gaming
hungary,europe
huntsvillealabama,jobs
hypnosis,askreddit
iamaparanoidloser,pics
iamverybadass,motorcycles
iamverysmart,operationgrabass
iamverysmart,explainlikeimfive
iasip,highqualitygifs
iastate,oddlysatisfying
ichfand,deutschland
idaho,todayilearned
ididnazithatcoming,todayilearned
iiipercent,bitcoin
ilerminaty,conspiracy
ilerminaty,worldnews
illuminate,tattoos
illuminate,redditblack
im14andthisisfunny,globaloffensive
imaginarydialogues,funny
imawhinyliberalbitch,wtf
imgoingtohellforthis,odditymall
indesign,graphic_design
india,shitindianssay
india,indiangaming
india,subredditanalysis
indianews,india
infertility,miscarriage
infertilitybabies,infertility
innkeeping,askculinary
intactivists,sex
intactivists,jokes
intelligence,iama
intelligence,levantinewar
interestingredditors,bitcoinmarkets
intj,askmen
intj,enfj
investmentclub,weedstocks
ios,ios8
iphone,android
ipl,cricket
iracing,dogecoin
iracing,nascar
ireland,europeanculture
ireland,dublin
ireland,tommo_for_taoiseach
irishmusicscene,wearethemusicmakers
ironmaiden,pics
islam,mapporn
islam,trueatheism
islam,explainlikeimfive
israelexposed,worldpolitics
italy,adviceanimals
itookapicture,photography
itpdot,lifeprotips
iwantout,askreddit
iwantout,iama
iwantout,findapath
iwantout,scotland
jacksonville,jax
jaguars,nfl
jailbreak,flextweak
jailbreak,apple
jailbreakdevelopers,jailbreak
jakeandamir,fitness
javascript,web_design
jb4427,iama
jeep,4x4
jerktalkdiamond,videos
jesuschristreddit,contagiouslaughter
jobs,translation
joeschmoshow,livetweetingoldmovies
johnmayer,concerttickets
jquery,packt
jrharbor,ukraina
jrpg,funny
judaism,christianity
juicedb,electronic_cigarette
juke,futurebeats
justapaddy,nosleep
justiceleague,dccomics
justiceporn,news
justiceporn,jeep
justneckbeardthings,montageparodies
kappa,smashbros
karmaconspiracy,mildlyinteresting
karmaconspiracy,wtf
karmaconspiracy,freekarma
karmamartyr,dayz
kat_fud,outoftheloop
kayaking,iama
kde,debian
kerrimawrites,letsnotmeet
keto,science
ketocirclejerk,keto
kholdlinks,haskell
kickstarter,horror
killzone,ps4
kindle,manga
knashville,cosplayers
kreiswichs,cirkeltrek
kyleandpatrick,adviceanimals
ladycyclists,bikela
ladyshavers,wicked_edge
lasnoches,seireitei
latterdaysaints,askhistorians
learnmandarin,shanghai
leesummit,kansascity
lego,legoideas
lesecretsubreddit,secretsubreddit
levantinewar,worldpolitics
levantinewar,syriancivilwar
lewronggeneration,aww
lewronggeneration,reactiongifs
liberalreality,politics
libertarian,legaladvice
libertypositive,funny
libgdx,oculus
lifehacks,malefashionadvice
linux,linuxquestions
linux_gaming,ck2gameofthrones
listentothis,frisson
literallynocontext,minecraft
lithuania,getmotivated
liverpoolfc,soccer
liverpoolfc,askreddit
lolhehehe,iama
london,videos
longboarding,videos
longisland,deadmau5
loremasters,worldbuilding
losangeles,driverless
losangeles,losangeleskings
losangeleskings,iama
losangeleskings,nhl
lost,askreddit
lotr,tolkienfans
lotr,askhistorians
lotrmemes,pics
love,askreddit
lovecraft,nosleep
lubuntu,linux4noobs
ludology,askhistorians
lurkershares,earthporn
lurkershares,villageporn
lv426,writingprompts
lwgcirclejerk,lewronggeneration
mac,osx
madnet,darknetplan
magicskyfairy,politics
magicskyfairy,im14andthisisdadjokes
magicskyfairy,crappydesign
magictcg,twoxchromosomes
mainz,frankfurt
majorasmask,zelda
makeupaddiction,unusualart
makinghiphop,dnb
malaysia,travel
malazan,wtf
malefashionadvice,goodyearwelt
malehairadvice,malegrooming
malelivingspace,designmyroom
mannheim,frankfurt
mapporn,australia
mariokart,gaming
marshillchurch,christianity
marvel,iama
marvel,whowouldwin
marvelheroes,iama
marvelstudios,comicbooks
masseffect,shareyoursheps
math,heroscape
mathjokes,pcmasterrace
mathrock,mathrockshows
maximumfun,funny
mayonesa,lostgeneration
mazda,usercars
mcredditmansion,minecraft
mechanicalkeyboards,gamingpc
medical,std
medicine,samplesize
meditation,berkeley
meetup,sandiego
melbourne,funny
mensa,cringepics
menscirclejerk,askmen
mensministries,truechristian
mensrights,adviceanimals
mensrights,science
mensrights,northcarolina
mensrights,bpdsoffa
mensrights,anarchism
merced,modesto
meta,explainlikeimfive
metacanada,worldnews
metacanada,canadapolitics
metacanada,ottawa
metacanada,archerfx
metacanada,shitrconservativesays
metahub,modnews
metalfoundry,diy
metalgear,gaming
metaljerk,metalmemes
metaljerk,thathappened
metaquebec,todayilearned
metric,perfectfit
metropolitan,hockey
mexico,askhistorians
mexico,offmychest
mexico,monterrey
mexico,argentina
mexico,subredditdrama
mgmt,music
mgtow,iama
microbiology,microbiome
microgrowery,h2grow
middleearthproblems,pics
midi,ableton
midnightmarsh,chromalore
mildlyawesome,writingprompts
mildlyinteresting,askreddit
mildlyinteresting,randomactsofgaming
military,iama
mindcrack,todayilearned
mindcrack,subredditanalysis
mindcrackcirclejerk,mindcrack
mindcrackopinions,mindcrack
mindcrackopinions,mindcrackdiscussion
minecraft,dogecoin
minecraft,playmindcrack
minipainting,15mmscifi
minus,funny
misasandry,videos
misleadingthumbnails,itookapicture
misreadfrontpage,todayilearned
missouripolitics,oldschoolcool
mittenvapers,electronic_cigarette
mlpccg,mylittlepony
mlplounge,getmotivated
mlptcg,mlpccg
mlpvectors,mylittlepony
mls,themassive
mls,npsl
mmatechnique,judo
mmorpg,gamernews
monero,drkcoin
monstercat,electronicmusic
montageparodies,conspiracy
montreal,frugalmontreal
moralpanic,startrek
mormon,askhistorians
motorcycles,bitcoin
motorcycles,dualsport
motorcycles,250r
motorsports,pirelliworldchallenge
movieconceptart,movies
moviescirclejerk,askreddit
moviescirclejerk,videos
moviescirclejerk,filmmakers
msfbs,msf_testbest
msfbs,atheismrebooted
mtgfinancirclejerk,magicthecirclejerking
muhfeelings,relationships
mumbai,india
mumble,hacking
murica,askreddit
murica,halo
murica,fitness
murica,iama
murica,jokes
museumofreddit,oculus
music,indie_rock
musicfestivals,themeadows
musicians,drums
muxmool,iama
mvm,tf2
mw2,callofduty
mylittleandysonic1,iama
mylittleandysonic1,rarishy
myrsloltips,summonerschool
naruto,writingprompts
nascar,askreddit
nativeamerican,assistance
nautical,boating
nbacirclejerk,worldnews
nca,koreanvariety
ncpics,natureporn
needamod,liveupdates
negativewithgold,truereddit
negativewithgold,news
negativewithgold,arma
nepal,india
nerdcubed,iama
nerdfighters,videos
nerdfighters,iama
netneutrality,tulsa
netsec,iama
new_right,funny
new_right,enoughlibertarianspam
new_right,trollxchromosomes
newbrunswickcanada,moncton
newlisp,lisp
news,stormcoming
news,worldnews
newyorkmets,iama
newzealand,interestingasfuck
nfl,greenbaypackers
nhl,sports
nhl,iama
nhlchampionshipbelt,hockey
niagara,stcatharineson
nintendo,mariokart
nlsscirclejerk,chemistry
nofap,islam
nofap,tifu
nofapchristians,nofap
nofapwar,nofap
nolibswatch,business
nonononoyes,videos
nordvei,imaginarymaps
nordwalder,chromalore
northdakota,iama
northkorea,linux
northkoreanews,iama
northtexasents,houstonents
noshitsherlock,lifeprotips
notcirclejerk,atheism
notcirclejerk,worldnews
notcirclejerk,iama
notebooks,journalingisart
notinteresting,malefashionadvice
notwwe,indywrestling
nsfr,wildstar
nsfw_wtf,wtf
nsl,iama
nursing,samplesize
nursing,personalfinance
nyc,askreddit
oakland,dota2pubstomps
oaklandraiders,sports
obamacare_,libertarian
objectivism,futurology
objectivism,vzla
objects,gonewild
ocpoetry,poetry
oddlysatisfying,videos
ofcoursethatsathing,askreddit
offbeat,politics
offset,guitarporn
ogden,utah
ohio,todayilearned
oil,ama
ok_,iama
omgbeckylookathiscock,nakedcelebs
onetruegary,fallout
oney,tifu
ontario,cringe
opdelivers,nottheonion
openpv,pvcommission
opensource,twoxchromosomes
opensource,gnu
opiates,protectandserve
opieandanthony,youshouldknow
opisafag,iama
oppositeofbatman,funny
oppression,conspiracy
oppression,askmoderators
oppression,hailcorporate
oppression,undelete
oppression,gifs
oppression,dogecoinv2
oppression,dae
oppression,abrathatfits
oppression,vinyl
oppression,seattle
oppression,tangled
oppression,twoxchromosomes
oppression,oney
oppression,news
oppression,openkundalini
oppression,litecoin
oppression,throwers
oppression,theredpill
oppression,windowsphone
oppression,books
oppression,conspiratard
oppression,photoshopbattles
oppression,futanari
oppression,fifthworldproblems
oppression,lotr
oppression,shitredditsays
oppression,steamgameswap
oppression,cryptomarkets
oppression,self
oppression,privacy
oppression,food
oppression,drunken_purchases
oppression,rant
oppression,science
oppression,dataisbeautiful
oppression,worldnews
oppression,giftofgames
oppression,justneckbeardthings
oppression,subredditdrama
oppression,shitrconservativesays
oppression,ukpolitics
oppression,videos
oppression,theoryofreddit
oppression,frontpage
oppression,changemyview
oppression,censorship
oppression,askwomen
oppression,asoiaf
oppression,debateachristian
oppression,egypt
oppression,tifu
oppression,history
oppression,radiohead
oppression,luigideathstares
oppression,modnews
oppression,shittyadviceanimals
oppression,treason
oppression,blog
orangered,islandofwarriors
orangered,nordwalder
oregonstateuniv,portland
osha,wtf
osu,adamsmaynard
ottawa,ottawabuysell
outlawcountry,videos
outofthemetaloop,casualiama
ozyman,explainlikeimfive
palsbarainaction,todayilearned
panichistory,politics
panichistory,askreddit
panichistory,iama
panichistory,news
panichistory,basicincome
panichistory,dataisbeautiful
panichistory,oppression
paradoxplaza,gaming
pausedhank,nerdfighters
pax2014scalperalert,paxpassexchange
pcgaming,defiance
pcmasterrace,iama
pcmasterrace,4chan
pcmods,buildapc
pcmods,watercooling
peakoil,collapse
peakoil,geopolitics
peasants,libertarian
pee,sexyballerinas
penis,iama
penmanshipporn,youshouldknow
pennsylvania,funny
peoplewhosayheck,seaofthieves
peoplewhosayheck,asianamerican
peoplewhosayheck,giivasunner
peoplewhosayheck,random_acts_of_amazon
peoplewhosayheck,bonsai
peoplewhosayheck,dc_cinematic
peoplewhosayheck,singapore
peoplewhosayheck,naruto
peoplewhosayheck,purplepilldebate
peoplewhosayheck,electronic_cigarette
peoplewhosayheck,raisedbynarcissists
peoplewhosayheck,justneckbeardthings
peoplewhosayheck,facesitting
peoplewhosayheck,getmotivated
peoplewhosayheck,femradebates
peoplewhosayheck,camphalfbloodrp
peoplewhosayheck,apple
peoplewhosayheck,debateanarchism
peoplewhosayheck,the_donald
peoplewhosayheck,runescape
peoplewhosayheck,philippines
peoplewhosayheck,lifeprotips
peoplewhosayheck,casualconversation
periwinkle,askreddit
personalfinancecanada,investing
perth,perthjobs
phascinatingphysics,theydidthemath
philadelphia,subredditanalysis
philippines,gifs
philippines,food
phish,seahawks
phish,iama
phreakpuns,writingprompts
phreakpuns,leagueoflegends
phxcc,phoenix
pics,photoshopbattles
pics,lowellma
piracy,popcorntime
pitbulls,wtf
pixar,funny
pka,britishsuccess
pka,tifu
planetaryannihilation,starcraft
planetside,wtf
plantedtank,aquariums
pocatello,vexillology
pocket_universe,writingprompts
podcasts,outoftheloop
podcasts,fantasy
poker,bitcoin
poland,wroclaw
politic,netneutrality
politic,worldnews
politics,netneutrality
polyamory,iama
polyamory,funny
portablefood,eatcheapandhealthy
portland,circlejerkpdx
portlandbeer,portland
portugalonreddit,socialism
postcollapse,energy
postcollapse,iama
postgresql,python
postpreview,foodporn
potsdam,funny
poty,pcmasterrace
powergirl,dccomics
powergirl,pics
prematurecelebration,wowthissubexists
premed,samplesize
pressy,android
productivity,pomodoro
professors,askacademia
progmetal,metalcore
programmerhumor,rust
programming,javascript
programming,opensource
programmingcirclejerk,programming
progressive,libertarian
progressive,restorethefourth
progresspics,keto
prolife,changemyview
prolife,showerthoughts
promptsillustrated,writingprompts
protectandserve,sex
protectandserve,philadelphia
prufrock451,fantheories
ps3,ps3f1
ps4,easportsufc
psbf,battlefield
psminecraft,minecraftce
psychology,rationalpsychonaut
psychonaut,glitch_in_the_matrix
psychonaut,rationalpsychonaut
psychonaut,nameaserver
puahate,subredditdrama
puahate,againstmensrights
puertorico,gifs
punk,anarchopunks
punny,writingprompts
pussporn,popping
puzzles,phoenix
quarkcoin,vertcoin
queerphilly,philadelphia
quityourbullshit,gaming
quityourbullshit,funny
quityourbullshit,adviceanimals
quityourbullshit,breakingbad
r9kelsaproject,frozen
raisedbynarcissists,rage
raisingkids,math
raisingkids,truereddit
rance,infrastructureporn
randomactsofmakeup,makeupaddiction
randomactsoftf2,namemytf2item
rangers,hawks
rangers,losangeleskings
ranked_girls,onoff
raspberry_pi,coffee
raspberry_pi,rtlsdr
raspberry_pi,reddcoin
rational,youenteradungeon
rationalpsychonaut,conspiracy
rawdenim,subredditoftheday
rbnmovienight,raisedbynarcissists
rbny,ussoccer
reading_berkshire,reading
readingrainbow,iama
realproblemsolvers,futurology
realtimestrategy,commandandconquer
reddit_folder,learnpython
redditactive,clashofclans
redditadults,clashofclans
redditasylumcoc,clashofclans
redditbetaclan,clashofclans
redditblack,tattoos
redditcantjump,nba
redditcensorship,shitredditsays
redditcensorship,spam
redditcensorship,modnews
redditcensorship,reportthespam
redditdads,gtaglitches
redditdads,gtacontent
redditguides,churning
reddithium,esoredditguild
redditisfun,cannabis
redditratings,movies
redditrequest,lincolndouglas
redeye,cringe
redhat,liveupdates
redoric,philosophy
redsox,baseball
reeftank,lego
reformed,worshipleading
relevantxkcd,facepalm
relevantxkcd,space
relevantxkcd,woahdude
reprap,bitcoin
researchchemicals,stims
residency,samplesize
resume,interviewfauxyou
retiredgif,pics
retiredgif,crazyideas
retiredgif,tumblrinaction
retiredgif,firstworldproblems
retiredgif,fallout
retiredgif,hiphopheads
riceuniversity,longhornnation
rioproblems,pics
ripplers,ripple
rlanguage,rstats
rob_g,casualiama
rochester,askreddit
romania,cluj
romania,historyporn
romania,robyte
rowing,sandiego
rpg,youshouldknow
runescape,whowouldwin
running,c25k
russia,socialism
ryerson,whatisthisthing
sakartvelo,countrychallenge
saltlakecity,utahvalley
sanantonio,electronic_cigarette
sandiego,bicycling
sanfrancisco,pics
santafe,iama
satwcomic,dogecoin
saudiarabia,forhire
scams,iama
scarcade,starcraft
schenectady,wtf
schwul,kreiswichs
schwul,ratschlagtiere
sciencevideos,sciencedocumentaries
scientismtoday,neurophilosophy
scifiscroll,cancelledscifi
scotland,photoshopbattles
scotland,ukpolitics
scp,subredditanalysis
scp,giivasunner
scryptmining,vertcoinmining
scryptminingrigs,vertcoinmining
seafriends,seattle
seagray,oldschoolcool
seagray,programmerhumor
seattle,lifeprotips
secretsubreddit,askreddit
security,homedefense
seduction,askmen
seduction,incest
selfdrivingcars,dredmorbius
semanticbattles,videos
serbia,russia
serverconfig,webdev
sfv,losangeles
shamepolice,casualiama
shatter,wtf
shirtredditsays,teenagers
shitamericanssay,worldpolitics
shitamericanssay,askreddit
shitamericanssay,nottheonion
shitamericanssay,shitpoliticssays
shitamericanssay,todayilearned
shitamericanssay,worldnews
shitamericanssay,mapporn
shitamericanssay,3amjokes
shitamericanssay,iama
shitamericanssay,youseeingthisshit
shitfoxh8ersays,badhistory
shitfoxh8ersays,programmerhumor
shitfoxh8ersays,mh370
shitfoxh8ersays,technology
shitfoxh8ersays,fullmoviesonyoutube
shitfoxh8ersays,gifsound
shitfoxh8ersays,gamingpc
shitfoxh8ersays,androiddev
shitfoxh8ersays,gifs
shitfoxh8ersays,triangle
shitfoxh8ersays,30rock
shitfoxh8ersays,chromeos
shitfoxh8ersays,apple
shitfoxh8ersays,defaultgems
shitfoxh8ersays,cscareerquestions
shitfoxh8ersays,bitcoin
shitgonewildsays,gonewildplus
shitnarutosays,naruto
shitpoliticssays,askreddit
shitpoliticssays,shitrconservativesays
shitpost,funny
shitpost,fifa
shitpost,imgoingtohellforthis
shitpost,fffffffuuuuuuuuuuuu
shitrconservativesays,shitpoliticssays
shitrconservativesays,conspiratard
shitredditsays,woahdude
shitredditsays,cringepics
shitredditsays,games
shitredditsays,historyporn
shitredditsays,askwomen
shitredditsays,videos
shitredditsays,news
shitredditsays,tumblrinaction
shitredditsays,apple
shitredditsays,thewaywewere
shitredditsays,behindthegifs
shitredditsays,shittyaskscience
shitsocialismsays,iwantout
shitstatistssay,nottheonion
shitstatistssay,lostgeneration
shitstatistssay,todayilearned
shitstatistssay,news
shitstatistssay,economics
shitstatistssay,bestof
shitstatistssay,libertarian
shitstatistssay,bitcoin
shitstatistssay,politicaldiscussion
shitstatistssay,iama
shitstatistssay,shitpoliticssays
shitstatistssay,environment
shitty_car_mods,makemychoice
shittyaskscience,science
shittyaskscience,askreddit
shittyhistory,shitty_watercolour
shitukpoliticssays,ukpolitics
shotguns,guns
shroomers,drugs
shrturl,internetisbeautiful
simracing,bitcoin
sjsucks,truechristian
skeptic,funny
skeptic,shitrconservativesays
skinwalkers,thetruthishere
slp,pics
smalldickproblems,relationships
smite,smitegodconcepts
sneakers,sneakermarket
sniperelite,pcmasterrace
snowden,politicaldiscussion
snowden,netsec
socal,space
socalr4r,bdsmpersonals
socalvapers,electronic_cigarette
soccer,borussiadortmund
socialcitizens,askreddit
socialism,art
socialism,truereddit
solidoodle,3dprinting
solotravel,travel
somethingimade,audiophile
somethingimade,woodworking
soraka,leagueoflegends
SOURCE_SUBREDDIT,TARGET_SUBREDDIT
sourcefed,4chan
southafrica,theydidthemath
southflorida,miami
sowhatnow,talesfromtechsupport
sowhatnow,gameofthrones
sowhatnow,funny
sowhatnow,startrekstabilized
sowhatnow,rabbits
sowhatnow,wtf
sowhatnow,linux
space,space_settlement
spacerebooted,space
spammeddomains,spam
spanish,argentina
speculativeevolution,writingprompts
speedrun,jakanddaxter
spiders,explainlikeimfive
sql,msaccess
sqlserver,sysadmin
squaredcircle,birdswitharms
squaredcircle,unexpected
squaredcircle,mma
squaredcircle,wow
srdsucks,subredditdrama
srs,tumblrinaction
srsarmory,twoxchromosomes
srsbusiness,changemyview
srsfeminism,feminism
srsgaming,games
srsmailbag,againstmensrights
srsredditdrama,trollxchromosomes
srsredditdrama,undelete
srssucks,srsdiscussion
srssucks,offmychest
srssucks,morbidreality
ssbpm,gamegrumps
stallmanwasright,upliftingnews
standupcomedy,self
stardustcrusaders,dfo
startrek,woahdude
startrek,xboxone
statistics,bigdata
statistics,theydidthemath
steam,oculus
steam,surface
stjohnsnl,newfoundland
stlouisblues,hockey
stlouiscirclejerk,askreddit
stocks,bitcoin
stoicism,occult
stonerengineering,pinnaclepro
stonerrock,metal101
stopsmoking,todayilearned
stormcoming,stormchasing
streetwear,streetwearnews
stuffers,funny
subaru,boston
subaru,nova
submissivemen,bdsmtasks
subredditdrama,redditlaqueristas
subredditdrama,cringe
subredditdrama,mildlyinteresting
subredditdrama,childfree
subredditdrama,thebluepill
subredditdrama,hiphopheads
subredditdrama,enoughlibertarianspam
subredditdrama,trees
subredditdrama,canada
subredditdrama,smashbros
subredditdrama,civcraft
subredditdrama,maine
subredditdrama,stocks
subredditdrama,mapporn
subredditdrama,3ds
subredditdrama,montageparodies
subredditdrama,games
subredditdrama,iama
subredditdrama,buildapc
subredditdrama,firstworldanarchists
subredditdrama,pokemon
subredditdrama,funny
subredditdrama,twoxchromosomes
subredditdrama,okcupid
subredditdrama,formula1
subredditdrama,community
subredditdrama,fifthworldproblems
subredditdrama,asmr
subredditdrama,historyporn
subredditdrama,cfb
subredditdrama,pyongyang
subredditdrama,shittykickstarters
subredditdrama,twobestfriendsplay
subredditdrama,buddhism
subredditdrama,askscience
subredditdrama,amiwrong
subredditdrama,islam
subredditdrama,daystrominstitute
subredditdrama,perfectloops
subredditdrama,elitedangerous
subredditdrama,uhccourtroom
subredditdrama,happy
subredditdrama,socialengineering
subredditdrama,space
subredditdrama,adporn
subredditdrama,adamcarolla
subredditdrama,badsocialscience
subredditdrama,edmproduction
subredditdrama,discexchange
subredditdrama,missouri
subredditdrama,batman
subredditdrama,circlejerkaustralia
subredditdrama,sociopath
subredditdrama,dadjokes
subredditdrama,mexico
subredditdrama,scotland
subredditideas,mapporn
subredditsashashtags,outoftheloop
subredditsashashtags,marvel
summerreddit,pics
summerreddit,adviceanimals
summerreddit,gaming
summerreddit,imgoingtohellforthis
summerreddit,mildlyinteresting
summerreddit,gifs
summerreddit,wtf
summerreddit,firstworldanarchists
summerreddit,pokemon
summerreddit,self
summerreddit,videos
summerreddit,smashbros
summerreddit,thewalkingdead
summit,breckenridge
supplychainlogistics,business
sweden,libertarian
swiftmangacomics,againstswiftmanga
swiftmangacomics,fffffffuuuuuuuuuuuu
swingers,relationships
switcharoo,creepy
switcharoo,geek
switcharoo,askreddit
switcharoo,squaredcircle
switcharoo,buildapc
switcharoo,xboxone
switcharoo,tall
switcharoo,pathfinder_rpg
switcheroo,askreddit
switzerland,de
swords,whatsthisworth
syracuse,books
sysadmin,aws
sytycd,iama
t:1930s,oldschoolcool
tabletennis,seattleevents
tacocoin,dogebillionaires
tacocoin,montageparodies
taiwan,shanghai
taketv,starcraft
talesfromyourserver,bartenders
tampabayrays,baseball
tarot,horror
tattoo,denver
tattoos,denver
taylorswift,askreddit
tcl,c_programming
teachers,australia
teaching,teachers
team340,pcmasterrace
technewz,netneutrality
technocracy,futurology
technology,privacy
technology,askreddit
technology,hacking
technology,4chan
technology,apple
technology,netneutrality
techolitics,netneutrality
techsnap,dataisbeautiful
teenagers,prettyteenagers
teenguide,askreddit
teenguide,simpleliving
teetotal,pics
teknology,netsec
television,houseofcards
television,orphanblack
television,siliconvalleyhbo
terrainbuilding,dnd
thanksbutno,askreddit
thathappened,seduction
thathappened,pics
thathappened,funny
thathappened,iama
thathappened,pettyrevenge
thathappened,confessionbear
thathappened,melbourne
thathappened,relationships
thathappened,redpillparenting
thatkisscamgif,videos
thaumcraft,feedthebeast
the_asylum,conspiracy
the_asylum,endlesswar
theamphour,wtf
thebluepill,redpillwomen
thebluepill,purplepilldebate
thebluepill,changemyview
thebluepill,redkings
thebluepill,cfb
thebluepill,asianamerican
thebluepill,trpofftopic
thebluepill,redpillparenting
thebluepill,badphilosophy
thebugle,writingprompts
thechrisgethardshow,tinder
theforest,needamod
thegeekgroup,geek
thelema,occult
theorycraft,hearthstone
theoryofpony,mylittlepony
thepopcornstand,mlplounge
thepopcornstand,arma
thepopcornstand,relationship_advice
thepunisher,marvel
theredpill,baltimore
thesimpsons,london
thesimscontests,thesimsbuilding
thewalkingdead,television
thewire,videos
theydidthemath,forwardsfromgrandma
theydidthemath,politics
theydidthemath,electronic_cigarette
theydidthemath,mls
theydidthemath,tf2
theydidthemath,realestate
theydidthemath,coffee
theydidthemonstermath,theydidthemath
theytriedtodothemath,minecraft
thingsfightingidiots,wtf
thingsfittinginthings,justrolledintotheshop
thingsjohnsnowknows,askreddit
thingsthatarebadass,nottheonion
throwers,videos
thuglifeprotips,showerthoughts
tiabroke,subredditdrama
tiara,kpics
tiltshift,wallpapers
titlegore,offbeat
titlegore,outoftheloop
titlegore,music
titlegore,funny
titlegore,squirrels
titlegore,trees
titlegore,secretsanta
titlegore,askhistorians
titlegore,shittyaskscience
titlegore,creepy
titlegore,trollxchromosomes
titlegore,needamod
titlegore,learnprogramming
titlegore,awwnverts
titlegore,beer
titlegore,documentaries
titlegore,eu4
titlegore,futurology
tlhinganhol,askreddit
tna,iama
toasterrights,technology
toasterrights,wtf
todayilearned,askreddit
todayilearned,woahdude
todayilearned,mtb
todayilearned,india
todayilearned,museumofreddit
todayilearned,earthporn
todayilearned,outoftheloop
todayilearned,graphic_design
todayilearned,mildlyinteresting
tomtcoldcase,tipofmytongue
toontown,wildstar
topmindsofreddit,manchester
topnotchshitposting,showerthoughts
topnotchshitposting,nostupidquestions
topnotchshitposting,justiceporn
tor,mediacrush
toronto,adviceanimals
torontobiking,changemyview
totallystraight,askreddit
totallystraight,iama
toyota,autorepair
trailerparkboys,wtf
trailerparkboys,schemingdrunkpeople
trance,yoga
transgender,crossdreaming
transphobiaproject,tumblrinaction
traumatoolbox,mentalhealth
trees,cannabis
trees,geocaching
triathlon,diy
trollxchromosomes,justneckbeardthings
trollychromosome,trollxchromosomes
trudge,ultimate
truebestof,asksciencediscussion
truememer,adviceanimals
trueotherkin,iama
trueredditdrama,netflixbestof
trueredditdrama,casualiama
trueredditdrama,bitcoinmarkets
trueredditdrama,firstimpression
trueredditdrama,dota2
trueredditdrama,fitness
trueredditdrama,tiadiscussion
trueredditdrama,modnews
trueredditdrama,relationship_advice
trueredditdrama,tumblrinaction
truestl,games
tumblratrest,twoxchromosomes
tumblrinaction,eclipsephase
tumblrinaction,nottheonion
tumblrinaction,malefashionadvice
tumblrinaction,twoxchromosomes
turbografx,gaming
twitchplayspokemon,gametheorists
twoxchromosomes,casualiama
twoxchromosomes,amiwrong
twoxchromosomes,dataisbeautiful
tycoon,trainfever
u3pexchange,civcraftexchange
ubc,funny
uber,thailand
ucf,orlando
ufs,starcitizen
uga,athens
ukgames,games
ukip,ukipparty
ultrahardcore,amarisuhc
ultrahardcore,mindcrack
unbelievaballs,tagpro
underthedome,environment
unexpected,askreddit
unexpected,pics
unexpected,askwomen
unexpected,leagueoflegends
unexpected,shortscarystories
unexpectedneatmike,askreddit
unidanfans,aww
unitedprovinces,u3pexchange
unity,games
unity3d,games
updated,entrepreneur
updated,relationships
upvote,wtf
usahockey,hockey
usmc,army
v8supercars,iama
v8superdoge,iama
vancouver,canada
vancouver,funny
vancouver,dota2
vegan,gifs
vegan,bipolar
vegan,snackexchange
vegan,batman
vegan,farming
vegancirclejerk,showerthoughts
veganfitness,running
veganfitness,fitness
veganpogrom,subredditdrama
vegetarian,askreddit
vegetarianism,askreddit
verlier,raspberry_pi
vermont,iama
vertcoin,drkcoin
verypunny,funny
verypunny,wtf
veterans,assistance
vets4vets,veterans
vetworship,pics
victoriabc,rbi
videogameiama,games
videos,berlin
videos,indiecinema
vietnam,pics
virginients,trees
visualnovels,gamedeals
vita,psbattleroyale
vita,freedomwars
vmware,aws
voiceacting,audioengineering
vzla,askreddit
vzla,offmychest
vzla,germany
wafflehousestories,askreddit
waitingforop,pics
wallstreetbets,weedstocks
warhammer40k,mordheim
washu,funny
wat,wtf
watch_dogs,yogscast
watch_dogs,shouldibuythisgame
watches,antiques
watchescirclejerk,pics
watchredditdie,space
wawa,philadelphia
wayofsteel,tabletopgamedesign
wc2014,soccer
weareportadelaide,aflvote
wearethemusicmakers,drums
web_design,design
web_programming,html
webcomics,comics
webdev,reddcoin
webdevelopment,reddcoin
websec,dns
weddingplanning,pics
weekendgunnit,gunsforsale
weightroom,bodybuilding
welding,machineporn
wellington,newzealand
wesanderson,videos
westchester,iama
wet,nakedcelebs
whataboutsrs,subredditdrama
whatsinthisthing,pics
wherewillpinwalego,blog
whiterights,videos
whowasphone,glitch_in_the_matrix
wicca,religion
wicked_edge,wicked_edge_deals
wiesbaden,frankfurt
wiiu,pikmin
wiiu,mariokart
wildstaronline,wildstar
winterreddit,behindthegifs
wisconsin,nascar
witcher,linux_gaming
witcher,games
wma,swords
woahdude,minimalism
womeninmotion,stripping
wordswordswords,libraryofbabel
worldbuilding,shatteredverse
worldcup,forecastingtournament
worldnews,stormcoming
worstof,askhistorians
worstof,television
wotcirclejerk,worldoftanks
wpi,worcesterma
writing,yawriters
writing,enfp
wtf,relationship_advice
wtf,totse
wtfdidijustread,askreddit
wtfdidijustread,sex
wwi,askhistorians
xbox,xbox360
xbox360,darksouls
xboxone,callofdutyworldwartwo
xcution,seireitei
yachts,boating
yellowperil,todayilearned
yellowperil,wtf
yellowperil,videos
yellowstone,hiking
york,unitedkingdom
yougottold,oldpeoplefacebook
yougottold,baltimore
youmightbea,reformedhumor
youmightbea,horror
youmightbea,dnd
youmightbea,elderscrolls
youmightbea,military
youmightbea,exmormon
youtubers,youtube
ytfccirclejerk,ytfc
ytfccirclejerk,soccercirclejerk
zen,meditation
zing,leagueoflegends
zyzz,bodybuilding